id;name;price;date
Т-000042701;kompyuternaya-tehnika;Колпачок RJ-45 Gembird BT5BK/5;1;Sat Sep 02 2023 07:38:21 GMT+0300 (Восточная Европа, летнее время)
Т-000064071;kompyuternaya-tehnika;Конверт Acme для CD бумажный;1;Sat Sep 02 2023 07:38:21 GMT+0300 (Восточная Европа, летнее время)
Т-000061104;kompyuternaya-tehnika;Коннектор RJ-45 Gembird CAT5e (LC-8P8C-001);3;Sat Sep 02 2023 07:38:21 GMT+0300 (Восточная Европа, летнее время)
Т-000057466;kompyuternaya-tehnika;Патч-корд UTP Cablexpert Cat5e 0.25 m. black (PP12-0.25M/BK);9;Sat Sep 02 2023 07:38:21 GMT+0300 (Восточная Европа, летнее время)
Т-000056563;kompyuternaya-tehnika;Патч-корд UTP Cablexpert Cat5e 0.5 m. blue (PP12-0.5M/B);9;Sat Sep 02 2023 07:38:21 GMT+0300 (Восточная Европа, летнее время)
Т-000067289;kompyuternaya-tehnika;Патч-корд UTP Cablexpert Cat5e 0.5 m. gray (PP12-0.5M);9;Sat Sep 02 2023 07:38:21 GMT+0300 (Восточная Европа, летнее время)
Т-000067290;kompyuternaya-tehnika;Патч-корд UTP Cablexpert Cat5e 0.5 m. purple (PP12-0.5M/V);9;Sat Sep 02 2023 07:38:21 GMT+0300 (Восточная Европа, летнее время)
Т-000056565;kompyuternaya-tehnika;Патч-корд UTP Cablexpert Cat5e 0.5 m. red (PP12-0.5M/R);9;Sat Sep 02 2023 07:38:21 GMT+0300 (Восточная Европа, летнее время)
Т-000056564;kompyuternaya-tehnika;Патч-корд UTP Cablexpert Cat5e 0.5 m. green (PP12-0.5M/G);9;Sat Sep 02 2023 07:38:21 GMT+0300 (Восточная Европа, летнее время)
Т-000061088;kompyuternaya-tehnika;Патч-корд UTP Cablexpert Cat5e 0.5 m. Yellow (PP12-0.5M/Y);9;Sat Sep 02 2023 07:38:21 GMT+0300 (Восточная Европа, летнее время)
Т-000068996;kompyuternaya-tehnika;Лезвие уплотнительное HP LJ 5L Patron (50971);10;Sat Sep 02 2023 07:38:21 GMT+0300 (Восточная Европа, летнее время)
Т-000070473;kompyuternaya-tehnika;Кабель Cablexpert 3.5 jack х 2 RCA (CCA-458/0.2);10;Sat Sep 02 2023 07:38:21 GMT+0300 (Восточная Европа, летнее время)
Т-000001372;kompyuternaya-tehnika;Патч-корд UTP Cablexpert Cat5e 1.0 m. black (PP12-1M/BK);11;Sat Sep 02 2023 07:38:21 GMT+0300 (Восточная Европа, летнее время)
Т-000062889;kompyuternaya-tehnika;Патч-корд UTP Cablexpert Cat5e 1.0 m. blue (PP12-1M/B);11;Sat Sep 02 2023 07:38:21 GMT+0300 (Восточная Европа, летнее время)
Т-000049411;kompyuternaya-tehnika;Патч-корд UTP Cablexpert Cat5e 1.0 m. gray (PP12-1M);11;Sat Sep 02 2023 07:38:21 GMT+0300 (Восточная Европа, летнее время)
Т-000049412;kompyuternaya-tehnika;Патч-корд UTP Cablexpert Cat5e 1.0 m. green (PP12-1M/G);11;Sat Sep 02 2023 07:38:21 GMT+0300 (Восточная Европа, летнее время)
Т-000060965;kompyuternaya-tehnika;Патч-корд UTP Cablexpert Cat5e 1.0 m. orange (PP12-1M/O);11;Sat Sep 02 2023 07:38:21 GMT+0300 (Восточная Европа, летнее время)
Т-000049413;kompyuternaya-tehnika;Патч-корд UTP Cablexpert Cat5e 1.0 m. red (PP12-1M/R);11;Sat Sep 02 2023 07:38:21 GMT+0300 (Восточная Европа, летнее время)
Т-000048042;kompyuternaya-tehnika;Кабель Cablexpert SATA 0.3м (CC-SATAMF-01);13;Sat Sep 02 2023 07:38:21 GMT+0300 (Восточная Европа, летнее время)
Т-000073553;kompyuternaya-tehnika;Кабель Cablexpert SATA 0.1м (CC-SATAM-DATA-0.1M);13;Sat Sep 02 2023 07:38:21 GMT+0300 (Восточная Европа, летнее время)
Т-000062863;kompyuternaya-tehnika;Кабель Cablexpert 3.5 jack х 2x3.5 jack (CCA-415W);14;Sat Sep 02 2023 07:38:21 GMT+0300 (Восточная Европа, летнее время)
Т-000062860;kompyuternaya-tehnika;Кабель Cablexpert 3.5 jack х 3.5 jack (CCA-404);14;Sat Sep 02 2023 07:38:21 GMT+0300 (Восточная Европа, летнее время)
Т-000054293;kompyuternaya-tehnika;Фотобумага Colorix 10x15 220гр/м2 20шт. Матовая (CX-MSE220-1015-20);14;Sat Sep 02 2023 07:38:21 GMT+0300 (Восточная Европа, летнее время)
Т-000050478;kompyuternaya-tehnika;Кабель Cablexpert 3.5 jack х 3.5 jack (CCA-423);15;Sat Sep 02 2023 07:38:21 GMT+0300 (Восточная Европа, летнее время)
Т-000062091;kompyuternaya-tehnika;Фотобумага Colorix 10x15 180гр/м2 20шт. Глянцевая (CX-GSE180-1015-20);15;Sat Sep 02 2023 07:38:21 GMT+0300 (Восточная Европа, летнее время)
Т-000064157;kompyuternaya-tehnika;Коврик Gembird MP-S-BK;16;Sat Sep 02 2023 07:38:21 GMT+0300 (Восточная Европа, летнее время)
Т-000056541;kompyuternaya-tehnika;Коврик Gembird MP-S-G;16;Sat Sep 02 2023 07:38:21 GMT+0300 (Восточная Европа, летнее время)
Т-000001502;kompyuternaya-tehnika;Кабель Cablexpert 3.5 jack х 2 RCA (CCA-458);16;Sat Sep 02 2023 07:38:21 GMT+0300 (Восточная Европа, летнее время)
Т-000048033;kompyuternaya-tehnika;Кабель Cablexpert SATA 0.3м (CC-SATAM-DATA-0.3M);16;Sat Sep 02 2023 07:38:21 GMT+0300 (Восточная Европа, летнее время)
Т-000080151;kompyuternaya-tehnika;Термопаста Natec Husky 0.5g (NPT-1580);16;Sat Sep 02 2023 07:38:21 GMT+0300 (Восточная Европа, летнее время)
Т-000056817;kompyuternaya-tehnika;Конверт Acme для CD бумажный 25шт;17;Sat Sep 02 2023 07:38:21 GMT+0300 (Восточная Европа, летнее время)
Т-000048043;kompyuternaya-tehnika;Кабель Cablexpert SATA 0.5м (CC-SATAMF-02);17;Sat Sep 02 2023 07:38:21 GMT+0300 (Восточная Европа, летнее время)
Т-000047603;kompyuternaya-tehnika;Кабель Sven AM/AF 1.8m (SV-004569);17;Sat Sep 02 2023 07:38:21 GMT+0300 (Восточная Европа, летнее время)
Т-000048296;kompyuternaya-tehnika;Втулки магнитного вала HP 1005 комплект;17;Sat Sep 02 2023 07:38:21 GMT+0300 (Восточная Европа, летнее время)
Т-000054301;kompyuternaya-tehnika;Втулки магнитного вала Samsung 2160 Patron (ML2160LS) комплект;17;Sat Sep 02 2023 07:38:21 GMT+0300 (Восточная Европа, летнее время)
Т-000001503;kompyuternaya-tehnika;Кабель Cablexpert 3.5 jack х 2 RCA (CCA-458-2.5M);18;Sat Sep 02 2023 07:38:21 GMT+0300 (Восточная Европа, летнее время)
